4.040610719,0.754330189
4.04264626,0.788283019
4.044164291,0.813603774
4.080459029,0.687
4.08197706,0.712320755
4.083495091,0.737641509
4.100814443,0.660528302
4.121169857,0.634056604
4.132095079,0.572289308
4.141180263,0.601830189
4.144921673,0.054236897
4.152082485,0.417679245
4.153600516,0.443
4.154083526,0.085056604
4.155118547,0.468320755
4.155601556,0.110377358
4.156636578,0.493641509
4.157119587,0.135698113
4.158154608,0.518962264
4.158637618,0.161018868
4.159672639,0.544283019
4.160155649,0.186339623
4.16167368,0.211660377
4.163191711,0.236981132
4.164709742,0.262301887
4.166227772,0.287622642
4.167745803,0.312943396
4.169263834,0.338264151
4.170781865,0.363584906
4.172258495,0.388215094
4.172782906,0.030962264
4.192965816,0.001613208
4.280425094,0
4.368229379,0
4.449547532,0.011396226
4.458517714,0.039018868
4.460035745,0.064339623
4.469286533,0.096642767
4.515167866,0.129943396
4.526829103,0.08045283
4.531866205,0.164471698
4.533384236,0.189792453
4.534902267,0.215113208
4.536420298,0.240433962
4.537938329,0.265754717
4.560984797,0.284169811
4.562364825,0.307188679
4.571519011,0.337880503
4.574647075,0.390056604
4.591345414,0.424584906
4.592863445,0.44990566
4.594381476,0.475226415
4.595899507,0.50054717
4.597417538,0.525867925
4.598935569,0.551188679
4.623914076,0.601830189
4.625432107,0.627150943
4.626950138,0.652471698
4.629342187,0.570371069
4.671870051,0.669735849
4.673388082,0.695056604
4.674906113,0.720377358
4.684083299,0.75145283
4.693582492,0.421899371
4.702713678,0.452207547
4.704231709,0.477528302
4.70574974,0.502849057
4.707267771,0.528169811
4.708785802,0.553490566
4.710303832,0.578811321
4.711821863,0.604132075
4.72102205,0.635591195
4.742699991,0.387179245
4.774797143,0.312559748
4.777511199,0.601830189
4.779029229,0.627150943
4.78841342,0.417679245
4.789931451,0.443
4.791449482,0.468320755
4.791541484,0.347855346
4.792967513,0.493641509
4.794485544,0.518962264
4.796003574,0.544283019
4.797521605,0.569603774
4.811873897,0.199
4.820913081,0.227773585
4.822431112,0.25309434
4.831654299,0.284937107
4.837726423,0.386220126
4.870456088,0.322150943
4.876528211,0.423433962
4.878046242,0.448754717
4.879564273,0.474075472
4.879771277,0.355528302
4.881082304,0.499396226
4.882600335,0.524716981
4.884118366,0.550037736
4.893433555,0.583415094
4.897435636,0.162169811
4.906681824,0.194396226
4.908199855,0.219716981
4.909717886,0.245037736
4.911235917,0.270358491
4.912753948,0.295679245
4.918826071,0.396962264
4.932488349,0.624849057
4.93400638,0.650169811
4.935524411,0.675490566
4.937042442,0.700811321
4.938560472,0.726132075
4.940078503,0.75145283
4.941355029,0.040745283
4.942838559,0.065490566
4.94435659,0.090811321
4.945874621,0.116132075
4.95516681,0.149125786
4.958018868,0.318698113
4.959536899,0.344018868
4.964090991,0.419981132
4.965609022,0.445301887
4.967127053,0.470622642
4.968645084,0.495943396
4.968829088,0.377012579
4.970163115,0.521264151
4.971681146,0.546584906
4.973199177,0.57190566
4.982491365,0.604899371
4.984032397,0.020603774
4.993692593,0.181735849
4.995210624,0.207056604
4.996728655,0.232377358
4.998246686,0.257698113
4.999557712,0.645566038
5.007423872,0.288773585
5.030953351,0.071245283
5.032471381,0.096566038
5.033989412,0.121886792
5.036312459,0.03863522
5.043304602,0.155264151
5.046133659,0.32445283
5.04765169,0.349773585
5.049169721,0.37509434
5.050687752,0.400415094
5.052205783,0.425735849
5.053723813,0.451056604
5.055241844,0.476377358
5.056759875,0.501698113
5.058277906,0.527018868
5.059795937,0.552339623
5.061313968,0.577660377
5.062831999,0.602981132
5.082152391,0.193245283
5.083670422,0.218566038
5.085188453,0.243886792
5.086706484,0.269207547
5.088224515,0.294528302
5.107498907,0.006025157
5.11651509,0.034415094
5.118033121,0.059735849
5.119551152,0.085056604
5.121069182,0.110377358
5.122587213,0.135698113
5.131856402,0.168308176
5.170750192,0.207056604
5.172268223,0.232377358
5.173786254,0.257698113
5.189587575,0.155264151
5.191105606,0.180584906
5.196073707,0.01945283
5.205319895,0.051679245
5.206837926,0.077
5.208355957,0.102320755
5.209873988,0.127641509
5.254034885,0.010245283
5.274045292,0.100018868
5.275563323,0.125339623
5.292675671,0.044773585
5.294193702,0.07009434
5.326923367,0.006025157
5.421604792,0
5.509202072,0
5.596971856,0
5.684741641,0
5.772511425,0
5.860281209,0
5.948050993,0
6.035820777,0
6.123590562,0
6.211360346,0
6.29913013,0
6.386899914,0
6.474669698,0
6.562439482,0
6.650209267,0
6.737979051,0
6.825748835,0
6.913518619,0
7.001288403,0
7.089058187,0
7.176862472,0
7.264632256,0
7.352816049,0.003915094
7.440516832,0.002764151
7.449383512,0.028660377
7.487817293,0.059735849
7.489335324,0.085056604
7.498558512,0.116899371
7.529787396,0.02779717
7.537222298,0.151811321
7.557439709,0.123037736
7.57227501,0.004490566
7.575863083,0.064339623
7.577381114,0.089660377
7.624601074,0.023289308
7.663080856,0.055132075
7.672396045,0.088509434
7.704826705,0.01945283
7.71835098,0.123037736
7.750574635,0.050528302
7.759797822,0.082371069
7.764351915,0.158333333
7.792458486,0.017150943
7.802808696,0.189792453
7.80593676,0.119968553
7.812008883,0.221251572
7.828891227,0.258849057
7.830409257,0.284169811
7.838275417,0.049377358
7.847475604,0.080836478
7.852029697,0.156798742
7.88021102,0.016863208
7.893844547,0.12227044
7.926114203,0.050528302
7.932186326,0.151811321
7.935245389,0.080836478
7.941303712,0.181889308
7.946055608,0.017150943
7.979866296,0.215113208
7.981384327,0.240433962
7.981660332,0.123037736
7.982902357,0.265754717
7.984420388,0.291075472
7.985938419,0.316396226
7.98745645,0.341716981
7.988974481,0.367037736
7.990492512,0.392358491
7.992010543,0.417679245
8.001302731,0.450672956
8.019956111,0.151811321
8.029087296,0.182119497
8.03765497,0.081028302
8.039690512,0.480981132
8.039759513,0.116132075
8.045831637,0.217415094
8.047349667,0.242735849
8.048821697,0.511289308
8.048867698,0.268056604
8.050385729,0.293377358
8.05190376,0.318698113
8.053421791,0.344018868
8.054939822,0.369339623
8.056457853,0.394660377
8.057975883,0.419981132
8.087508484,0.546584906
8.088405502,0.43954717
8.089026515,0.57190566
8.126839283,0.470622642
8.128357314,0.495943396
8.129875345,0.521264151
8.134429438,0.597226415
8.135947468,0.62254717
8.137465499,0.647867925
8.13898353,0.673188679
8.140501561,0.698509434
8.142019592,0.723830189
8.143215616,0.133779874
8.143537623,0.749150943
8.145055654,0.774471698
8.146573684,0.799792453
8.148091715,0.825113208
8.149609746,0.850433962
8.151127777,0.875754717
8.152507805,0.166773585
8.154025836,0.19209434
8.155543867,0.217415094
8.157061898,0.242735849
8.158579929,0.268056604
8.160097959,0.293377358
8.16161599,0.318698113
8.163134021,0.344018868
8.164652052,0.369339623
8.166170083,0.394660377
8.167688114,0.419981132
8.169206145,0.445301887
8.175278268,0.546584906
8.176796299,0.57190566
8.193391136,0.116707547
8.214609067,0.470622642
8.216127098,0.495943396
8.217645129,0.521264151
8.222199222,0.597226415
8.223717253,0.62254717
8.225235283,0.647867925
8.226753314,0.673188679
8.228271345,0.698509434
8.229789376,0.723830189
8.231307407,0.749150943
8.235619995,0.089084906
8.238483553,0.136849057
8.240001584,0.162169811
8.241519614,0.187490566
8.243037645,0.212811321
8.244555676,0.238132075
8.246073707,0.26345283
8.247591738,0.288773585
8.249109769,0.31409434
8.2506278,0.339415094
8.252145831,0.364735849
8.253663861,0.390056604
8.255181892,0.415377358
8.262772047,0.541981132
8.26442808,0.447603774
8.272018234,0.574207547
8.281402425,0.486735849
8.282920456,0.512056604
8.31065902,0.608735849
8.312177051,0.634056604
8.313695082,0.659377358
8.315213113,0.684698113
8.316731143,0.710018868
8.318249174,0.735339623
8.319767205,0.760660377
8.321285236,0.785981132
8.322803267,0.811301887
8.332049455,0.843528302
8.348747794,0.390056604
8.3490238,0.882660377
8.352836127,0.58025
8.375060329,0.340949686
8.38738858,0.424584906
8.388906611,0.44990566
8.390424641,0.475226415
8.391942672,0.50054717
8.393460703,0.525867925
8.394978734,0.551188679
8.399532827,0.627150943
8.401050857,0.652471698
8.402568888,0.677792453
8.404086919,0.703113208
8.40560495,0.728433962
8.407122981,0.753754717
8.408641012,0.779075472
8.410159043,0.804396226
8.411677073,0.829716981
8.413195104,0.855037736
8.416852179,0.184037736
8.418853219,0.217415094
8.42037125,0.242735849
8.421889281,0.268056604
8.423407312,0.293377358
8.427961404,0.369339623
8.4326535,0.325603774
8.437207592,0.401566038
8.440105651,0.57190566
8.449351839,0.604132075
8.476124384,0.440698113
8.477642414,0.466018868
8.479160445,0.491339623
8.480678476,0.516660377
8.482196507,0.541981132
8.48826863,0.643264151
8.489786661,0.668584906
8.491304692,0.69390566
8.492224711,0.099251572
8.492822723,0.719226415
8.494340754,0.74454717
8.495858785,0.769867925
8.497376816,0.795188679
8.498894846,0.820509434
8.500412877,0.845830189
8.501309895,0.128792453
8.502827926,0.154113208
8.504345957,0.179433962
8.505863988,0.204754717
8.507382019,0.230075472
8.50890005,0.255396226
8.510418081,0.280716981
8.511936111,0.306037736
8.513454142,0.331358491
8.514972173,0.356679245
8.516490204,0.382
8.520423284,0.081603774
8.525667391,0.413075472
8.52711642,0.559245283
8.528634451,0.584566038
8.537811637,0.615641509
8.563825166,0.43954717
8.565343197,0.464867925
8.566861228,0.490188679
8.575969413,0.642113208
8.575992414,0.520496855
8.577487444,0.667433962
8.578418963,0.316971698
8.579005475,0.692754717
8.580523506,0.718075472
8.580592507,0.353226415
8.582041537,0.743396226
8.582110538,0.37854717
8.583559567,0.768716981
8.585077598,0.794037736
8.586595629,0.819358491
8.58811366,0.844679245
8.592736754,0.555792453
8.594254785,0.581113208
8.597244846,0.874987421
8.605364011,0.400415094
8.617804964,0.607930189
8.663256188,0.634056604
8.664774218,0.659377358
8.666292249,0.684698113
8.66781028,0.710018868
8.669328311,0.735339623
8.670846342,0.760660377
8.672364373,0.785981132
8.673882404,0.811301887
8.675400434,0.836622642
8.676918465,0.861943396
8.69140876,0.493641509
8.700516945,0.523566038
8.702034976,0.548886792
8.703553007,0.574207547
8.712707193,0.604899371
8.719423329,0.472924528
8.729497534,0.640962264
8.731015565,0.666283019
8.732533596,0.691603774
8.734051627,0.716924528
8.735569657,0.742245283
8.758685127,0.761811321
8.759996154,0.783679245
8.761514185,0.809
8.763032216,0.834320755
8.772186402,0.865012579
8.794427854,0.26
8.795876883,0.284169811
8.819199357,0.307188679
8.820648387,0.331358491
8.822166418,0.356679245
8.823684449,0.382
8.82520248,0.407320755
8.82672051,0.432641509
8.828238541,0.457962264
8.829756572,0.483283019
8.831274603,0.508603774
8.832792634,0.533924528
8.834310665,0.559245283
8.835828696,0.584566038
8.837346726,0.609886792
8.838864757,0.635207547
8.840382788,0.660528302
8.841900819,0.685849057
8.84341885,0.711169811
8.844936881,0.736490566
8.846454912,0.761811321
8.847972942,0.787132075
8.849490973,0.81245283
8.851009004,0.837773585
8.860278193,0.870383648
8.933707185,0.387179245
8.935811728,0.422283019
8.937329759,0.447603774
8.93884779,0.472924528
8.939882811,0.856188679
8.940365821,0.498245283
8.941421542,0.881854717
8.943401882,0.792886792
8.963653794,0.520688679
8.96493032,0.541981132
8.966448351,0.567301887
8.967966382,0.592622642
8.969484412,0.617943396
8.971002443,0.643264151
8.972520474,0.668584906
8.974038505,0.69390566
8.975556536,0.719226415
8.984756723,0.750685535
8.989310815,0.826647799
9.028066603,0.86309434
9.029584634,0.888415094
9.031309669,0.795188679
9.049957298,0.496231132
9.052079091,0.531622642
9.053597122,0.556943396
9.055115153,0.582264151
9.056633184,0.607584906
9.058151215,0.63290566
9.059669246,0.658226415
9.061187277,0.68354717
9.062705307,0.708867925
9.064223338,0.734188679
9.073538528,0.767566038
9.07809262,0.843528302
9.119585464,0.803628931
9.124139556,0.879591195
9.138353845,0.628685535
9.147646034,0.661679245
9.149164065,0.687
9.150682096,0.712320755
9.152200127,0.737641509
9.153718158,0.762962264
9.15827225,0.838924528
9.183250758,0.889566038
9.188201609,0.606146226
9.198776073,0.782528302
9.203330166,0.858490566
9.207999261,0.814371069
9.208781277,0.583415094
9.212783358,0.650169811
9.214301389,0.675490566
9.21581942,0.700811321
9.217337451,0.726132075
9.218855482,0.75145283
9.28616635,0.776198113
9.28764988,0.800943396
9.289167911,0.826264151
9.316768472,0.676641509
9.325669653,0.703113208
9.326888678,0.601446541
9.334777838,0.733037736
9.353638221,0.559628931
9.365828469,0.640962264
9.373418624,0.767566038
9.374936654,0.792886792
9.376454685,0.818207547
9.385240864,0.354761006
9.386252884,0.615641509
9.389288946,0.666283019
9.390806977,0.691603774
9.392325008,0.716924528
9.393843039,0.742245283
9.394464051,0.386603774
9.395982082,0.411924528
9.397500113,0.437245283
9.399018144,0.462566038
9.400536175,0.487886792
9.402054206,0.513207547
9.406566897,0.588479245
9.411369395,0.546584906
9.424111654,0.271125786
9.433035835,0.297981132
9.442144021,0.32790566
9.45884236,0.362433962
9.46374146,0.200150943
9.480554801,0.236597484
9.52131163,0.184421384
9.559929415,0.218566038
9.561309443,0.241584906
9.562827474,0.26690566
9.564345505,0.292226415
9.565863536,0.31754717
9.567381566,0.342867925
9.568899597,0.368188679
9.570417628,0.393509434
9.571935659,0.418830189
9.57345369,0.444150943
9.574971721,0.469471698
9.576489752,0.494792453
9.58575894,0.527402516
9.608851409,0.668584906
9.61036944,0.69390566
9.611887471,0.719226415
9.613405502,0.74454717
9.624307724,0.560396226
9.625446247,0.213386792
9.625825754,0.585716981
9.627343785,0.611037736
9.627619791,0.249641509
9.628861816,0.636358491
9.629137822,0.274962264
9.638246007,0.426886792
9.639764038,0.452207547
9.641282069,0.477528302
9.6428001,0.502849057
9.64431813,0.528169811
9.65214979,0.292801887
9.653564318,0.316396226
9.655082349,0.341716981
9.65660038,0.367037736
9.658118411,0.392358491
9.73434196,0.321767296
9.743266142,0.348622642
9.752374327,0.37854717
9.791015112,0.413075472
9.832933465,0.380273585
9.836418035,0.438396226
9.881544953,0.459113208
9.883062984,0.484433962
9.884581014,0.509754717
9.886237048,0.415377358
9.893827202,0.541981132
9.898864305,0.382
9.932536989,0.577660377
9.93405502,0.602981132
9.943324209,0.635591195
9.94978734,0.499396226
9.951236369,0.523566038
9.9527544,0.548886792
9.989555148,0.67472327
10.00616149,0.707716981
10.0365221,0.726132075
10.03886815,0.765264151
10.07795745,0.807273585
10.07944098,0.832018868
10.13234205,0.860408805
10.21280344,0.860504717
10.26981585,0.713471698
10.29293132,0.733037736
10.29431134,0.756056604
10.29582937,0.781377358
10.29734741,0.806698113
10.29886544,0.832018868
10.30038347,0.857339623
10.3608632,0.768141509
10.36289874,0.80209434
10.38629021,0.826264151
10.38773924,0.850433962
10.39703143,0.883427673
10.4691379,0.866163522
10.47840709,0.898773585
10.5084457,0.78981761
10.51766888,0.821660377
10.52698407,0.855037736
10.56590086,0.894169811
10.56610787,0.775622642
10.57031695,0.601830189
10.572525,0.638660377
10.57404303,0.663981132
10.57556106,0.689301887
10.57707909,0.714622642
10.57859712,0.739943396
10.60457615,0.807273585
10.60812972,0.86654717
10.61348883,0.833937107
10.66043279,0.884962264
10.68697533,0.839691824
10.71811796,0.871150943
10.74843257,0.888798742
10.81998703,0.862327044
10.82921022,0.894169811
10.85324571,0.685081761
10.86239989,0.715773585
10.86391792,0.74109434
10.86543595,0.766415094
10.86695398,0.791735849
10.86847201,0.817056604
10.8777872,0.850433962
10.87909823,0.628301887
10.88123727,0.663981132
10.916842,0.891867925
10.93429935,0.817056604
10.95920886,0.86654717
10.96468297,0.835855346
11.00447378,0.889566038
11.02696824,0.532773585
11.02834826,0.555792453
11.0298663,0.581113208
11.03138433,0.606433962
11.03290236,0.631754717
11.03442039,0.657075472
11.03593842,0.682396226
11.03745645,0.707716981
11.03897448,0.733037736
11.04049251,0.758358491
11.04201054,0.783679245
11.04352857,0.809
11.0450466,0.834320755
11.05433879,0.867314465
11.10766538,0.780801887
11.10963192,0.813603774
11.11114995,0.838924528
11.11266798,0.864245283
11.1430056,0.88227673
11.21594008,0.878823899
11.2564209,0.822044025
11.27325724,0.858874214
11.2856545,0.577660377
11.29469368,0.606433962
11.29621171,0.631754717
11.29772974,0.657075472
11.29924777,0.682396226
11.3007658,0.707716981
11.30228383,0.733037736
11.30380186,0.758358491
11.31249604,0.537377358
11.31291005,0.788283019
11.35086082,0.811301887
11.35237885,0.836622642
11.36148704,0.86654717
11.38646554,0.673188679
11.38798358,0.698509434
11.38950161,0.723830189
11.39101964,0.749150943
11.39253767,0.774471698
11.40537193,0.62254717
11.40688996,0.647867925
11.43731958,0.789433962
11.43883761,0.814754717
11.44035564,0.840075472
11.44948683,0.870383648
11.46823221,0.695056604
11.47747839,0.727283019
11.48679358,0.760660377
11.51070257,0.549462264
11.5121171,0.573056604
11.51363513,0.598377358
11.51515316,0.623698113
11.51667119,0.649018868
11.52577938,0.800943396
11.52598638,0.682396226
11.52729741,0.826264151
11.52881544,0.851584906
11.53033347,0.87690566
11.56504117,0.723830189
11.56655921,0.749150943
11.56807724,0.774471698
11.57884146,0.588018868
11.5809115,0.62254717
11.58242953,0.647867925
11.60592451,0.673764151
11.60740804,0.698509434
11.61348016,0.799792453
11.61499819,0.825113208
11.61651622,0.850433962
11.61803425,0.875754717
11.63086851,0.723830189
11.63238654,0.749150943
11.63390457,0.774471698
11.69501682,0.817823899
11.704148,0.848132075
11.70566603,0.87345283
11.71739627,0.459113208
11.72664246,0.491339623
11.72816049,0.516660377
11.72967852,0.541981132
11.73119655,0.567301887
11.73271458,0.592622642
11.7334046,0.238132075
11.73423261,0.617943396
11.73492263,0.26345283
11.73575064,0.643264151
11.73644066,0.288773585
11.73726868,0.668584906
11.73795869,0.31409434
11.73878671,0.69390566
11.73947672,0.339415094
11.74030474,0.719226415
11.74099475,0.364735849
11.74182277,0.74454717
11.74251278,0.390056604
11.7433408,0.769867925
11.74485883,0.795188679
11.74554884,0.440698113
11.76542125,0.406169811
11.79005475,0.817056604
11.79205579,0.484433962
11.79357382,0.509754717
11.79509185,0.535075472
11.79660988,0.560396226
11.79812791,0.585716981
11.79932394,0.849666667
11.79964594,0.611037736
11.80116397,0.636358491
11.80268201,0.661679245
11.80420004,0.687
11.80571807,0.712320755
11.8072361,0.737641509
11.80875413,0.762962264
11.83255961,0.794037736
11.87720352,0.806698113
11.87872155,0.832018868
11.88782974,0.861943396
11.92012239,0.424584906
11.92219243,0.459113208
11.92371047,0.484433962
11.9252285,0.509754717
11.92663152,0.777157233
11.92674653,0.535075472
11.92826456,0.560396226
11.92978259,0.585716981
11.95286356,0.604707547
11.95410558,0.625424528
11.95558911,0.650169811
11.95710714,0.675490566
11.95862518,0.700811321
11.9646973,0.80209434
11.96621533,0.827415094
11.96773336,0.730735849
11.97532351,0.857339623
12.00651215,0.767566038
12.02983462,0.790584906
12.03135265,0.81590566
12.03287068,0.841226415
12.05653817,0.87
12.09980205,0.493641509
12.12390079,0.529608491
12.12533256,0.553490566
12.12685059,0.578811321
12.12836863,0.604132075
12.12988666,0.62945283
12.13140469,0.654773585
12.13292272,0.68009434
12.13444075,0.705415094
12.13595878,0.730735849
12.13747681,0.756056604
12.13899484,0.781377358
12.14051287,0.806698113
12.1420309,0.832018868
12.14354893,0.857339623
12.2059262,0.799792453
12.23840286,0.853503145
12.28668084,0.438779874
12.29583503,0.469471698
12.29735306,0.494792453
12.29887109,0.520113208
12.30038912,0.545433962
12.30190715,0.570754717
12.30342518,0.596075472
12.30494322,0.621396226
12.30646125,0.646716981
12.30797928,0.672037736
12.30949731,0.697358491
12.31101534,0.722679245
12.31253337,0.748
12.3140514,0.773320755
12.31453441,0.415377358
12.31556943,0.798641509
12.31708746,0.823962264
12.31862619,0.849628302
12.38139677,0.554641509
12.39050495,0.584566038
12.39202299,0.609886792
12.39354102,0.635207547
12.39505905,0.660528302
12.39657708,0.685849057
12.39809511,0.711169811
12.39961314,0.736490566
12.40113117,0.761811321
12.4026492,0.787132075
12.40416723,0.81245283
12.40568526,0.837773585
12.4124934,0.341333333
12.42155559,0.370490566
12.42307362,0.395811321
12.42459165,0.421132075
12.42610968,0.44645283
12.42762771,0.471773585
12.42914574,0.49709434
12.43841493,0.529704403
12.44982316,0.231993711
12.45854034,0.255396226
12.46005837,0.280716981
12.46918955,0.311025157
12.47675671,0.559245283
12.47827474,0.584566038
12.47979277,0.609886792
12.4813108,0.635207547
12.48282883,0.660528302
12.48434686,0.685849057
12.48586489,0.711169811
12.48738292,0.736490566
12.48890095,0.761811321
12.49041899,0.787132075
12.49193702,0.81245283
12.50787634,0.346320755
12.50939437,0.371641509
12.5109124,0.396962264
12.51243043,0.422283019
12.51394846,0.447603774
12.51546649,0.472924528
12.51698453,0.498245283
12.51850256,0.523566038
12.52719673,0.058584906
12.53609791,0.085056604
12.53761594,0.110377358
12.53913398,0.135698113
12.54065201,0.161018868
12.54217004,0.186339623
12.54368807,0.211660377
12.5452061,0.236981132
12.54672413,0.262301887
12.54824216,0.287622642
12.55258925,0.726132075
12.55410728,0.75145283
12.55562531,0.776773585
12.55714334,0.80209434
12.55741935,0.318698113
12.56342247,0.540830189
12.5649405,0.566150943
12.56645853,0.591471698
12.56797656,0.616792453
12.56949459,0.642113208
12.57101262,0.667433962
12.57253065,0.692754717
12.59557712,0.345169811
12.59709515,0.370490566
12.59861318,0.395811321
12.60013122,0.421132075
12.60164925,0.44645283
12.60316728,0.471773585
12.60565133,0.147207547
12.60779037,0.182886792
12.6093222,0.208437736
12.61229846,0.502081761
12.63221687,0.224320755
12.6335969,0.247339623
12.63511493,0.272660377
12.64422311,0.302584906
12.65029524,0.525867925
12.65181327,0.551188679
12.6533313,0.576509434
12.65484933,0.601830189
12.65636736,0.627150943
12.65788539,0.652471698
12.66092145,0.337113208
12.66243948,0.362433962
12.66395751,0.387754717
12.66547554,0.413075472
12.666398,0.682396226
12.66699357,0.438396226
12.66851161,0.463716981
12.67002964,0.489037736
12.68369191,0.716924528
12.68520995,0.742245283
12.68672798,0.767566038
12.71022295,0.793462264
12.71170648,0.818207547
12.74945025,0.105773585
12.75862744,0.136849057
12.76014547,0.162169811
12.7616635,0.187490566
12.76318153,0.212811321
12.76469956,0.238132075
12.76621759,0.26345283
12.76773562,0.288773585
12.76925365,0.31409434
12.77077168,0.339415094
12.77228972,0.364735849
12.77380775,0.390056604
12.77532578,0.415377358
12.77684381,0.440698113
12.77774083,0.089660377
12.77836184,0.466018868
12.77987987,0.491339623
12.7813979,0.516660377
12.78291593,0.541981132
12.78443396,0.567301887
12.78595199,0.592622642
12.78747002,0.617943396
12.78898805,0.643264151
12.79050609,0.668584906
12.79202412,0.69390566
12.79354215,0.719226415
12.79506018,0.74454717
12.79657821,0.769867925
12.79809624,0.795188679
12.85194033,0.351308176
12.86116352,0.383150943
12.86212954,0.765264151
12.86268155,0.408471698
12.86364757,0.790584906
12.86419958,0.433792453
12.86571761,0.459113208
12.86723565,0.484433962
12.86875368,0.509754717
12.87027171,0.535075472
12.87178974,0.560396226
12.87330777,0.585716981
12.8748258,0.611037736
12.87634383,0.636358491
12.87786186,0.661679245
12.87937989,0.687
12.88089792,0.712320755
12.88241595,0.737641509
12.88634903,0.193245283
12.89525021,0.219716981
12.89676825,0.245037736
12.89828628,0.270358491
12.89980431,0.295679245
12.90895849,0.326371069
12.92574883,0.362433962
12.92726687,0.387754717
12.9287849,0.413075472
12.93030293,0.438396226
12.93182096,0.463716981
12.93333899,0.489037736
12.93485702,0.514358491
12.93637505,0.539679245
12.96135356,0.590320755
12.96287159,0.615641509
12.96438962,0.640962264
12.96590765,0.666283019
12.96675867,0.558477987
12.96742568,0.691603774
12.96894371,0.716924528
12.97046174,0.742245283
12.97197977,0.767566038
13.0274109,0.350157233
13.03656509,0.380849057
13.03808312,0.406169811
13.03960115,0.431490566
13.04111918,0.456811321
13.04263721,0.482132075
13.04415524,0.50745283
13.04567327,0.532773585
13.0471913,0.55809434
13.04870933,0.583415094
13.05022737,0.608735849
13.0517454,0.634056604
13.05326343,0.659377358
13.05478146,0.684698113
13.05574748,0.334811321
13.06402765,0.716924528
13.10984458,0.749150943
13.1208618,0.444918239
13.12992399,0.474075472
13.13144202,0.499396226
13.13296005,0.524716981
13.13447808,0.550037736
13.13599611,0.575358491
13.13751414,0.600679245
13.13903217,0.626
13.1405502,0.651320755
13.14206823,0.676641509
13.15129142,0.708484277
13.15809956,0.334044025
13.16711574,0.362433962
13.16821976,0.746849057
13.16863377,0.387754717
13.17787996,0.419981132
13.20720556,0.299132075
13.21003461,0.712320755
13.21617574,0.448754717
13.21769377,0.474075472
13.2192118,0.499396226
13.22072983,0.524716981
13.22224786,0.550037736
13.22376589,0.575358491
13.22528392,0.600679245
13.22680195,0.626
13.22831999,0.651320755
13.22983802,0.676641509
13.23476012,0.148742138
13.2438453,0.178283019
13.24536333,0.203603774
13.24688136,0.228924528
13.25295349,0.330207547
13.25447152,0.355528302
13.25598955,0.380849057
13.25608155,0.260383648
13.25719707,0.034990566
13.25930162,0.07009434
13.26518974,0.412308176
13.28227908,0.087358491
13.29127227,0.11536478
13.30189848,0.292610063
13.31100667,0.444534591
13.32995905,0.150660377
13.33147708,0.175981132
13.33299511,0.201301887
13.33451314,0.226622642
13.33603118,0.251943396
13.34058527,0.32790566
13.3421033,0.353226415
13.34362133,0.37854717
13.34513936,0.403867925
13.34969345,0.479830189
13.36721981,0.040169811
13.36859984,0.429188679
13.36922085,0.07354717
13.37011787,0.454509434
13.37073888,0.098867925
13.38005407,0.132245283
13.3813651,0.276113208
13.39068029,0.309490566
13.41876386,0.167924528
13.42028189,0.193245283
13.42179992,0.218566038
13.42939007,0.345169811
13.4309081,0.370490566
13.43102311,0.250408805
13.43242613,0.395811321
13.44657142,0.021754717
13.44795145,0.288773585
13.44946948,0.31409434
13.45561061,0.050528302
13.45712864,0.075849057
13.45864667,0.101169811
13.46777785,0.131477987
13.48452219,0.166773585
13.48604022,0.19209434
13.48755826,0.217415094
13.48907629,0.242735849
13.49659744,0.002188679
13.54175886,0.023481132
13.54317339,0.047075472
13.54469142,0.072396226
13.5538916,0.103855346
13.622778,0.032880503
13.63204719,0.065490566
13.63356522,0.090811321
13.63508325,0.116132075
13.63660129,0.14145283
13.67717411,0.013007547
13.71898896,0.051679245
13.72809714,0.081603774
13.75314465,0.011396226
13.76604792,0.104622642
13.76756595,0.129943396
13.77667413,0.159867925
13.79337247,0.194396226
13.80606873,0.040169811
13.81536092,0.073163522
13.83242727,0.113830189
13.8339453,0.139150943
13.83546333,0.164471698
13.85551974,0.011012579
13.87203407,0.042471698
13.8735521,0.067792453
13.94328952,0.011012579
13.98216031,0.049377358
14.01643101,0.011012579
14.11067542,0
14.19841071,0
14.28618049,0
14.37395027,0
14.46172006,0
14.54948984,0
14.63725963,0
14.72502941,0
14.81279919,0
14.90056898,0
14.98833876,0
15.07610855,0
15.16387833,0
15.25164812,0
15.3394179,0
15.42718768,0
15.51495747,0
15.60272725,0
15.69049704,0
15.77826682,0
15.8660366,0
15.95380639,0
16.04185218,0.001037736
16.09819182,0.025783019
16.17347235,0.000462264
16.26134564,0.002188679
16.34930518,0.005353774
16.39527736,0.040169811
16.43729922,0.00909434
16.48284014,0.036716981
16.49201733,0.067792453
16.53231415,0.007943396
16.57081693,0.040169811
16.58010912,0.073163522
16.61259728,0.005066038
16.6380243,0.063188679
16.63954233,0.088509434
16.65817271,0.033264151
16.70817572,0.013314465
16.78115621,0.010628931
16.87573413,0.002188679
16.96415943,0.013122642
17.00987286,0.043622642
17.01139089,0.068943396
17.01290892,0.094264151
17.01442695,0.119584906
17.02360414,0.150660377
17.05199821,0.014273585
17.07990928,0.113830189
17.09729763,0.037867925
17.09881566,0.063188679
17.1003337,0.088509434
17.13921599,0.005066038
17.164643,0.063188679
17.16616103,0.088509434
17.16767906,0.113830189
17.18499842,0.036716981
17.22693402,0.00420283
17.30834992,0.020220126
17.31748111,0.050528302
17.31899914,0.075849057
17.35857144,0.003915094
17.42467479,0.008518868
17.42671033,0.042471698
17.4497223,0.060311321
17.45113683,0.08390566
17.45265486,0.109226415
17.46180904,0.139918239
17.51406611,0.035566038
17.51558414,0.060886792
17.51710217,0.086207547
17.5186202,0.111528302
17.52013823,0.136849057
17.52683137,0.004490566
17.62157029,0
17.68788064,0.006792453
17.71334216,0.065490566
17.71486019,0.090811321
17.71637822,0.116132075
17.71870127,0.032880503
17.77571942,0.007943396
17.7991454,0.032688679
17.80049093,0.055132075
17.80200896,0.08045283
17.80352699,0.105773585
17.81279618,0.138383648
17.85106896,0.166773585
17.85258699,0.19209434
17.86169517,0.222018868
17.87014784,0.119009434
17.93138659,0.164471698
17.94049477,0.194396226
17.9420128,0.219716981
17.94353084,0.245037736
17.97351195,0.013122642
17.97478847,0.034415094
17.9763065,0.059735849
17.97782453,0.085056604
17.97934256,0.110377358
17.98851975,0.14145283
18.00535609,0.178283019
18.05420909,0.017150943
18.06338627,0.048226415
18.0649043,0.07354717
18.06642233,0.098867925
18.07564552,0.130710692
18.08243066,0
18.14294489,0.033264151
18.15205307,0.063188679
18.15357111,0.088509434
18.15508914,0.113830189
18.15660717,0.139150943
18.20003205,0.009477987
18.27296653,0.006025157
18.36771696,0.000462264
18.39107393,0.024056604
18.41456891,0.04995283
18.4237806,0.081603774
18.46269739,0.120735849
18.49248299,0.007559748
18.50147618,0.035566038
18.50299421,0.060886792
18.5121944,0.092345912
18.56688951,0.028660377
18.59186802,0.079301887
18.59338605,0.104622642
18.59490408,0.129943396
18.59642211,0.155264151
18.59727312,0.047459119
18.65783336,0.081603774
18.67518721,0.005066038
18.67653274,0.027509434
18.67805077,0.052830189
18.74204957,0.022330189
18.74422311,0.058584906
18.76706258,0.07354717
18.77619376,0.103855346
18.82205669,0.136849057
18.83288991,0.07354717
18.85638489,0.099443396
18.8812599,0.148358491
18.90154631,0.120735849
18.92031469,0.067792453
18.92183272,0.093113208
18.93271194,0.030578616
18.98234695,0.004490566
19.07722388,0.001037736
19.15880079,0.019740566
19.23822715,0.002572327
19.33294308,0
19.42074736,0
19.50149051,0.001805031
19.51772884,0.028660377
19.5895593,0.006792453
19.68450523,0.004490566
19.7718265,0
19.85959629,0
19.94733157,0
20.01336591,0
